sequence,length,gravy,charge,muH,feasible,safe,novel,max_identity
RFRLIFTKAKMK,12,-0.3166666666666667,4.997603020226989,0.5171455831788738,True,True,True,0.34782608695652173
RSNARMFRVRIC,12,-0.38333333333333347,3.999968227122992,0.32697908525153685,False,False,True,0.5
KKTLKVTCKFKI,12,-0.2583333333333333,4.996031511109154,0.5654431507988605,True,False,True,0.4444444444444444
YVHRCAIRKRFA,12,-0.3583333333333334,4.03746897644633,0.3127515700346983,True,False,True,0.37037037037037035
RKKWHRKK,8,-3.5875,6.035095826331074,0.29643803435629706,False,True,True,0.42105263157894735
MKRKKGKH,8,-2.725,5.035103769550326,0.3749755312153772,False,True,True,0.42105263157894735
VTHHKIAEKKIA,12,-0.4583333333333334,2.074985612208171,0.3773164475175182,False,True,True,0.4166666666666667
LRRKRCFMALKL,12,-0.07500000000000011,4.998388774785906,0.2750031460318288,True,False,True,0.43478260869565216
RFLWRRFIFR,10,-0.2200000000000001,3.999968227122992,0.490158251968016,False,True,True,0.45454545454545453
KKHKPYRM,8,-2.5500000000000003,4.035897467328495,0.3246855821795873,False,True,True,0.42105263157894735
IKKKWARGGLA,11,-0.5454545454545456,3.9976109634462405,0.41525209923393036,False,True,True,0.4444444444444444
RSPRKRNSK,9,-3.111111111111111,4.998388774785906,0.543377336019926,False,True,True,0.4
KQKHKRRRE,9,-3.933333333333333,5.03667527866816,0.4820540633074572,False,True,True,0.30434782608695654
CKIKAKKA,8,-0.6249999999999999,3.9968252088873233,0.630149372627184,False,False,True,0.5
ITKKKIAAK,9,-0.41111111111111115,3.9968252088873233,0.17862501087434754,False,True,True,0.5
RKARSKR,7,-2.900000000000001,4.998388774785906,0.45077406741881915,False,True,True,0.42105263157894735
RRILAKRAFS,10,-0.35,3.9991824725640748,0.5786941651468724,False,True,True,0.45454545454545453
ALCIGRKRGK,10,-0.5,3.9983967180051576,0.5745098043568844,False,False,True,0.45454545454545453
RCKSKKK,7,-2.6285714285714286,4.996817265668072,0.4094642972747012,False,False,True,0.42105263157894735
RKRTKKR,7,-3.6999999999999997,5.997595077007737,0.5195104086525909,False,True,True,0.4444444444444444
ACKIYAGKGKK,11,-0.6454545454545454,3.9968252088873233,0.640909469491254,False,False,True,0.43478260869565216
ILAAWFRCRWRR,12,-0.21666666666666665,3.999968227122992,0.3577303333146449,False,False,True,0.48
KDKQWHKKK,9,-3.4,4.034634142789039,0.24208765259656248,False,True,True,0.4
WRKKSWWKK,9,-2.6222222222222222,4.996817265668072,0.3748042942518536,False,True,True,0.4
IRIFRARRM,9,-0.27777777777777785,3.999968227122992,0.5460289613703915,False,True,True,0.38095238095238093
KRQPRLEHKR,10,-2.9299999999999997,4.03746897644633,0.4859136565182469,False,True,True,0.35714285714285715
RKRRAGPWKR,10,-2.6899999999999995,5.998380831566654,0.3634894429352623,False,True,True,0.45454545454545453
GHHHIWAAHA,10,-0.4200000000000001,0.15314601552901883,0.4730480750240428,False,True,True,0.2727272727272727
NFRLMRFRIKA,11,-0.3,3.9991824725640748,0.5914033244604648,False,True,True,0.43478260869565216
KKHYKHK,7,-3.3285714285714283,4.0733982166518325,0.4085349608735735,False,True,True,0.42105263157894735
RHRNKKPC,8,-2.8249999999999997,4.0366832218874125,0.4370451200243228,False,False,True,0.42105263157894735
LRKSCFARKA,10,-0.48999999999999994,3.9983967180051576,0.28586864982259585,False,False,True,0.45454545454545453
IGARRSAIIRTK,12,-0.18333333333333335,3.9991824725640748,0.21856997072258733,False,True,True,0.4166666666666667
VMAKLFFRRR,10,-0.010000000000000142,3.9991824725640748,0.3673842946168217,False,True,True,0.2857142857142857
KIHKLKIAPK,10,-0.58,4.035111712769578,0.6004907398671343,False,True,True,0.45454545454545453
HKYKKKDWQR,10,-3.25,4.035419897347956,0.5367553393054807,False,True,True,0.36363636363636365
MKRKKDLYSKRG,12,-2.0749999999999997,4.9971254502464495,0.419778271379398,False,True,True,0.43478260869565216
KKKFKWKS,8,-2.3,4.996031511109154,0.5535792825327953,False,True,True,0.5263157894736842
AFRKKLTVK,9,-0.47777777777777786,3.9976109634462405,0.3576526453845125,False,True,True,0.4
KKRKYHGQMRP,11,-2.618181818181818,5.035889524109243,0.33979094398274473,False,True,True,0.36363636363636365
FRRKAIAAK,9,-0.45555555555555544,3.9983967180051576,0.4641310255667017,False,True,True,0.4
KKGALKKSA,9,-1.0444444444444445,3.9968252088873233,0.6070350751353009,False,True,True,0.5714285714285714
SRFGRRCVVFR,11,-0.24545454545454548,3.999968227122992,0.5988286561360542,False,False,True,0.43478260869565216
RAPHAKTNRQK,11,-2.3363636363636364,4.0366832218874125,0.46898355655170343,False,True,True,0.34782608695652173
RVRWRMLWMRC,11,-0.5,3.999968227122992,0.3655695701617512,False,False,True,0.5454545454545454
KLAVGKKCRG,10,-0.47000000000000003,3.9976109634462405,0.5732652556361917,False,False,True,0.45454545454545453
VCRARIMRTRP,11,-0.49090909090909096,3.999968227122992,0.3046883981314557,False,False,True,0.5217391304347826
KKIFIKK,7,-0.5428571428571428,3.9968252088873233,0.6666812633039585,False,True,True,0.48
MIVFKRHCRAR,11,-0.2636363636363635,4.03746897644633,0.2670781867986258,True,False,True,0.43478260869565216
RRRNREMKWNK,11,-3.209090909090909,4.999174529344823,0.41868087125206516,False,True,True,0.5454545454545454
AWRRVLVKR,9,-0.47777777777777763,3.9991824725640748,0.41658663666413026,False,True,True,0.47619047619047616
KFKFRFKISKC,11,-0.5,4.996817265668072,0.5021972424658594,True,False,True,0.5454545454545454
RIKKMKIA,8,-0.4375000000000001,3.9976109634462405,0.41996991458962035,False,True,True,0.42105263157894735
DNAKWRHRRKQ,11,-3.0999999999999996,4.03699140646579,0.3619359156947541,False,True,True,0.4
IKAKKAK,7,-1.0714285714285714,3.9968252088873233,0.18492825752410508,False,True,True,0.5263157894736842
IKIKKFK,7,-0.5428571428571429,3.9968252088873233,0.6052702737561376,False,True,True,0.42105263157894735
RRRQKIRC,8,-2.3,4.999174529344823,0.5886572658388818,False,False,True,0.5
GYRTHFKKPR,10,-2.12,4.0366832218874125,0.4077308881161669,False,True,True,0.35714285714285715
HKKQKKK,7,-3.7428571428571424,5.034318014991409,0.24898349639073186,False,True,True,0.5555555555555556
KKAFIKHGKIW,11,-0.590909090909091,4.035111712769578,0.6044602100572507,False,True,True,0.5454545454545454
WKKRKMK,7,-2.728571428571428,4.996817265668072,0.5310397782948402,False,True,True,0.4444444444444444
ILVRRMMARR,10,0.010000000000000142,3.999968227122992,0.3536366010232404,False,True,True,0.36363636363636365
ARHRKGK,7,-2.6571428571428575,4.0366832218874125,0.4084539345098543,False,True,True,0.4444444444444444
KTHKQRK,7,-3.371428571428571,4.035897467328495,0.2882576414792786,False,True,True,0.3333333333333333
KMKKALGIK,9,-0.4444444444444444,3.9968252088873233,0.5730204523137618,False,True,True,0.5
MVKLKTIRTYTR,12,-0.48333333333333334,3.9983967180051576,0.593070845840763,False,True,True,0.43478260869565216
GKGGIIKKK,9,-0.8666666666666667,3.9968252088873233,0.4250990264199087,False,True,True,0.38095238095238093
RRRNRYK,7,-3.814285714285714,4.999174529344823,0.25059734696068814,False,True,True,0.4444444444444444
LKCKKTIKVH,10,-0.45,4.035111712769578,0.504373855943508,True,False,True,0.42857142857142855
RKAIIGKWGK,10,-0.71,3.9976109634462405,0.5942296390174271,False,True,True,0.36363636363636365
RTYRKKK,7,-3.242857142857143,4.997603020226989,0.5716886326738159,False,True,True,0.4444444444444444
IIKKRKV,7,-0.42857142857142855,3.9976109634462405,0.4108175319250475,False,True,True,0.42105263157894735
PRMHIACVKKRC,12,-0.3499999999999999,4.0366832218874125,0.44731497869793185,True,True,True,0.34782608695652173
AVRRRVTIR,9,-0.4444444444444444,3.999968227122992,0.44657468617942203,False,True,True,0.47619047619047616
RHKYKNKN,8,-3.4625,4.035897467328495,0.3398838345575614,False,True,True,0.3157894736842105
IRTRKKPK,8,-2.3125,4.997603020226989,0.33967514603901294,False,True,True,0.42105263157894735
AKKHRQRQWGG,11,-2.445454545454545,4.0366832218874125,0.265852886567165,False,True,True,0.2962962962962963
GKRKRCKYR,9,-2.7111111111111112,5.997595077007737,0.3305029752810042,False,False,True,0.4
MKIMKRKGV,9,-0.45555555555555544,3.9976109634462405,0.5778159604958437,False,True,True,0.4
TKIHCKKKYRD,11,-1.981818181818182,4.035419897347956,0.31960014239464746,False,False,True,0.36363636363636365
RKRKKDKPF,9,-2.988888888888889,4.9971254502464495,0.34873502938354767,False,False,True,0.4
THQTKGRSKLR,11,-2.027272727272727,4.0366832218874125,0.3367587318752554,False,True,True,0.36363636363636365
PHNTKTGKRRY,11,-2.5636363636363635,4.0366832218874125,0.5272874990864509,False,True,True,0.3333333333333333
SHRKAKLKVVTI,12,-0.19999999999999987,4.035897467328495,0.42022565505334786,True,True,True,0.43478260869565216
ITMKIRGKYIRY,12,-0.42500000000000004,3.9983967180051576,0.5719588091486664,False,True,True,0.34782608695652173
YRRDRSRRK,9,-3.5555555555555554,4.999482713923201,0.43404948345842675,False,True,True,0.4
RHRQHHYNSRKN,12,-3.3000000000000003,4.114041984210839,0.33295021439514344,False,True,True,0.43478260869565216
VRFRRKR,7,-2.1285714285714286,4.999174529344823,0.505913245354077,False,True,True,0.3333333333333333
RFVAHRIYCKRF,12,-0.27499999999999997,4.03746897644633,0.3663431133557824,True,False,True,0.4166666666666667
GKKRVCFVK,9,-0.3222222222222222,3.9976109634462405,0.5845456651761172,False,False,True,0.4
KQKRGKKR,8,-3.5624999999999996,5.9968093224488195,0.5254975728660366,False,True,True,0.42105263157894735
KVLIGKRK,8,-0.5125000000000002,3.9976109634462405,0.6112994006685927,False,True,True,0.43478260869565216
IQENKKKKARWK,12,-2.4249999999999994,4.996817265668072,0.5160010554365283,False,True,True,0.43478260869565216
KKAKCHFFFAK,11,-0.39090909090909104,4.035111712769578,0.3334971368302535,True,False,True,0.43478260869565216
LPKRACATRITR,12,-0.5000000000000001,3.9991824725640748,0.5196339259706605,False,False,True,0.4166666666666667
KISAKGMIHH,10,-0.27,2.074985612208171,0.595728298160144,False,True,True,0.36363636363636365
PRTKIKAIPVK,11,-0.46363636363636346,3.9976109634462405,0.25438471334539065,False,True,True,0.34782608695652173
PRQRKFRVQKG,11,-2.1181818181818177,4.998388774785906,0.41382588043254276,False,True,True,0.5454545454545454
RKKYKNR,7,-3.642857142857143,4.997603020226989,0.3588442125269231,False,True,True,0.3333333333333333
TMHHWTVVCKHP,12,-0.38333333333333336,1.1140658138685948,0.5334706876950355,False,False,True,0.25
