sequence,length,gravy,charge,muH,feasible,safe,novel,max_identity,max_identity_expanded,novel_expanded
LWGPRRKTDVKNVRRKG,17,-1.676470588235294,5.9979032615861145,0.495257217942485,False,True,True,0.3870967741935484,0.5,True
TFRRLIRFRCQCVCIKT,17,0.1941176470588235,4.999174529344823,0.7050558180399737,True,False,True,0.4137931034482758,0.41379310344827586,True
LSKFGIRRYIIR,12,0.0166666666666666,3.999182472564075,0.4178651953438061,True,True,True,0.4166666666666667,0.4827586206896552,True
TWKLRLKVITMKAMQRL,17,-0.0470588235294118,4.997603020226989,0.4795547719714511,True,True,True,0.4827586206896552,0.5333333333333333,True
RVWMMRSICGIYKK,14,-0.0499999999999999,3.9983967180051576,0.8440967261920933,True,False,True,0.4,0.4827586206896552,True
RTVVNLSVEKLKFKAKF,17,-0.0588235294117647,3.997610963446241,0.9469867960657408,True,True,True,0.4,0.5,True
MFKQLLHCFKFVQFRKK,17,-0.1705882352941177,5.035103769550326,0.9684026420513988,True,False,True,0.3448275862068966,0.4827586206896552,True
RWKMPASFMFKKIVV,15,0.3066666666666666,3.997610963446241,0.5670191649516958,True,True,True,0.3846153846153846,0.48484848484848486,True
KGFITSRGRKMVALMTS,17,0.0176470588235293,3.9983967180051576,0.6189595430983582,True,True,True,0.3571428571428571,0.4666666666666667,True
VRFANIYRCRAP,12,-0.1916666666666666,2.999976170342244,0.3689438686734038,False,False,True,0.3333333333333333,0.4827586206896552,True
RYAGCGFRCRIG,12,-0.1583333333333333,2.999976170342244,0.4418015486237259,False,True,True,0.3703703703703703,0.4827586206896552,True
RRGLREIVGMVWFNRV,16,-0.06875,3.0007619249011612,0.7496651993965574,True,True,True,0.5,0.5185185185185185,True
VLWRVRIAERIR,12,0.0499999999999999,3.0007619249011612,0.8882132194245947,True,True,True,0.3703703703703703,0.4827586206896552,True
IKNKTRKGVSCFGIA,15,-0.1133333333333334,3.997610963446241,0.9169550191234502,True,False,True,0.3703703703703703,0.45714285714285713,True
KVVMHYPIWVMKRK,14,-0.1642857142857143,4.035897467328495,0.7077729483211168,True,True,True,0.3846153846153846,0.48,True
VSLAFRRWCWLR,12,0.2333333333333334,2.999976170342244,0.6043194914924196,False,False,True,0.4347826086956521,0.47619047619047616,True
MGLLLISRKRFK,12,0.2166666666666664,3.9983967180051576,0.5292020000675245,True,True,True,0.3703703703703703,0.5833333333333334,True
VHGKMKILKFKHLM,14,0.0357142857142856,4.0733982166518325,0.384213799351399,True,True,True,0.48,0.5185185185185185,True
DKVTVRFHFQKVVKV,15,-0.0333333333333333,3.036213595126125,0.5584260820716606,True,True,True,0.3225806451612903,0.4666666666666667,True
LWKNFRAKTVKMV,13,-0.1999999999999999,3.997610963446241,0.748418731295308,True,True,True,0.3870967741935484,0.5185185185185185,True
VAKSRISRRASIEVNL,16,-0.125,2.999976170342244,0.3565565670878826,False,True,True,0.3018867924528302,0.42857142857142855,True
KGRAKAAMKIKVYCLPM,17,0.0470588235294117,4.996817265668072,0.5783109475032008,True,False,True,0.5,0.5,True
YMGLCVKITFRDLVKKRV,18,0.2944444444444443,3.9979191480246183,0.4530932312391316,True,False,True,0.4117647058823529,0.5161290322580645,True
AKIKKRMAICYIWHLMR,17,0.0647058823529412,5.035889524109243,0.6658855675019835,True,False,True,0.3571428571428571,0.42857142857142855,True
GKIARLRNMAKWALI,15,0.1533333333333332,3.9983967180051576,0.9214239084077596,True,True,True,0.4444444444444444,0.5,True
RAGAARKVAIRIWE,14,-0.1285714285714286,2.999976170342244,0.977211453352268,False,True,True,0.4615384615384615,0.56,True
RKKAWPRAALNVPMVI,16,-0.0249999999999998,3.9983967180051576,0.6429555350169309,True,True,True,0.4285714285714285,0.42857142857142855,True
AIGRKATWYLKYKFSFGM,18,-0.1444444444444445,3.997610963446241,0.6936528175926782,True,True,True,0.4,0.4375,True
YRRYREFVRLCII,13,-0.1384615384615385,3.0007619249011612,0.96279670084638,True,False,True,0.4,0.4,True
RKWMCKTCIIFKTST,15,-0.0866666666666666,3.997610963446241,0.3799784186883901,True,True,True,0.3076923076923077,0.4827586206896552,True
NIRKIIKAFLMTRMWW,16,0.1812499999999999,3.9983967180051576,0.8393500972063072,True,True,True,0.3333333333333333,0.5,True
RLIVVMRWCRER,12,-0.1083333333333333,3.0007619249011612,0.9809127992736524,True,False,True,0.6666666666666666,0.6666666666666666,True
KIPVKVQCRLTRVTS,15,-0.0466666666666666,3.9983967180051576,0.9739739542374732,True,False,True,0.3870967741935484,0.5185185185185185,True
IGSMTTCRRRAVVKA,15,0.0599999999999999,3.999182472564075,0.7637690927167985,True,False,True,0.4242424242424242,0.42424242424242425,True
ARIFLCMRKINAKGF,15,0.3799999999999999,3.9983967180051576,0.6690977413829322,True,False,True,0.3703703703703703,0.5714285714285714,True
NTCKLVAMKFTFIKKNNF,18,-0.0222222222222222,3.9968252088873233,0.5721100130828778,True,False,True,0.4,0.45161290322580644,True
KVGQIMIGAKNGKRQFCF,18,-0.1611111111111111,3.997610963446241,0.8431940207028175,True,False,True,0.3333333333333333,0.4444444444444444,True
IRMFMVVKHKMW,12,0.4166666666666666,3.036691165106664,0.9350708138955456,True,True,True,0.3478260869565217,0.4166666666666667,True
VVCKKKMFDKFILHCP,16,0.3312499999999999,3.0354278405672077,0.6888621058814932,True,True,True,0.4444444444444444,0.4444444444444444,True
RQKIIVLCKCLMRDSLK,17,0.1764705882352941,3.9979191480246183,0.9382353479936906,True,True,True,0.4137931034482758,0.4666666666666667,True
QWRVVIPVMKCNMR,14,0.0714285714285714,2.999190415783327,0.8965179333135076,False,False,True,0.5384615384615384,0.5384615384615384,True
VKLPSTELIRLIKGRH,16,-0.1500000000000002,3.0374769196655818,0.8535638438790809,True,True,True,0.4285714285714285,0.42857142857142855,True
TVIAKLKWKSYFCSTK,16,-0.0750000000000001,3.9968252088873233,0.6580520909380448,True,False,True,0.3703703703703703,0.4827586206896552,True
PVFMFPRKLRCINFGRK,17,-0.1823529411764705,4.998388774785906,0.4999532975168078,True,False,True,0.4,0.41379310344827586,True
KLKLDNYIMLIIRRNKL,17,-0.111764705882353,3.9979191480246183,0.4118063787177054,True,True,True,0.4827586206896552,0.5333333333333333,True
RLHFLTKMRFGA,12,-0.025,3.0374769196655813,0.4841136254348345,True,True,True,0.3571428571428571,0.4166666666666667,True
GERFIRMYYIIRLR,14,-0.1785714285714286,3.0007619249011612,0.5488610733413204,True,True,True,0.32,0.5384615384615384,True
RIALRTGSKVKFVSA,15,0.2399999999999999,3.9983967180051576,0.7799691626814401,True,True,True,0.3703703703703703,0.5,True
YGDKLHIVKKKAHAFI,16,-0.2374999999999998,3.073714344449462,1.0089159161610022,False,True,True,0.5128205128205128,0.6060606060606061,True
AGSIRVVRGWRG,12,-0.1416666666666667,2.999976170342244,0.7320901134011771,False,True,True,0.4347826086956521,0.4666666666666667,True
TDKMVQKGVKVRCKMFI,17,-0.1176470588235292,3.997133393465701,0.8704196773149911,True,False,True,0.3571428571428571,0.42857142857142855,True
PGRVKSKTMFKII,13,-0.1384615384615382,3.997610963446241,0.73814765042831,True,True,True,0.4166666666666667,0.4827586206896552,True
KMKVATMAPRILEVRK,16,-0.15,3.998396718005158,0.887159920173865,True,True,True,0.3703703703703703,0.4117647058823529,True
KIGKCAKKSKAIFCMDS,17,-0.1588235294117646,3.996347638906784,0.6397272044950886,True,True,True,0.55,0.55,True
IARGRMLFIRRWCIKVTC,18,0.5055555555555554,4.999174529344823,0.5170788471505909,True,True,True,0.5,0.5,True
GVKHRFFAVMCKKVKHW,17,-0.2,5.07339027343258,0.8206189086635307,True,False,True,0.35,0.4666666666666667,True
KLETTATKITKIKI,14,-0.2,2.997618906665493,0.8709635685742656,False,True,True,0.4615384615384615,0.46153846153846156,True
KKFVKKMTLMRDVILGR,17,-0.1235294117647058,4.9971254502464495,0.8675057707375291,True,True,True,0.5,0.5,True
KRIFLKHPCSLF,12,0.1916666666666666,3.0366911651066646,0.5937565510788109,True,False,True,0.4347826086956521,0.48,True
IKQKIIIIKRLKLASQ,16,0.2499999999999999,4.996817265668072,0.5624909185944917,True,True,True,0.4444444444444444,0.4827586206896552,True
FFIRTKFKTWRL,12,-0.2000000000000001,3.9983967180051576,0.5751464872433064,False,True,True,0.4,0.56,True
NKKMTVLAAFPKCK,14,-0.1857142857142856,3.9968252088873233,0.4941778260031654,True,False,True,0.48,0.5185185185185185,True
IIKCACCRKFQRCPKM,16,-0.0187499999999999,4.997603020226989,0.8489931400410345,True,True,True,0.2941176470588235,0.37037037037037035,True
FVTINIWRKFYRVK,14,-0.0142857142857142,3.9983967180051576,0.9406352673730718,True,True,True,0.32,0.4444444444444444,True
LRDKCMCMRWRWARIVIH,18,-0.1555555555555555,4.0377771610247075,0.768531342034633,True,True,True,0.4,0.4,True
IRKHAIMDRHFMIYIK,16,-0.1000000000000001,3.0752858535672964,0.4789536257674936,True,True,True,0.3076923076923077,0.4,True
AKVIDKKVIYVKSAH,15,0.0533333333333333,3.0354278405672077,0.8734929086605259,True,True,True,0.3870967741935484,0.5,True
WTRFKIMWKIVM,12,0.4166666666666667,2.9984046612244097,0.9632880521980368,False,True,True,0.3478260869565217,0.48,True
KAEGKKAAAIRV,12,-0.3499999999999998,2.9984046612244097,0.3337205867152433,False,True,True,0.5,0.56,True
GKIAFYCLRKLRTWRLW,17,-0.1470588235294117,4.998388774785906,0.7941960563625101,True,False,True,0.4186046511627907,0.4666666666666667,True
KAPSWRLKFRVFIFKEIC,18,0.1222222222222222,3.998396718005158,0.6429466745492873,True,False,True,0.3333333333333333,0.4444444444444444,True
RFIKLINLKGKVYT,14,0.1071428571428571,3.997610963446241,0.9011873615972694,True,True,True,0.48,0.5384615384615384,True
GVKLMRIRWRWL,12,-0.1166666666666667,3.999182472564075,0.8860057414165156,True,True,True,0.4166666666666667,0.48,True
KLYKCKTKNICLWACVPK,18,-0.1055555555555555,4.996031511109154,0.4109658727452138,True,False,True,0.4666666666666667,0.5,True
VMKAKCFMFKVKW,13,0.4307692307692309,3.9968252088873233,0.6330680351874894,True,False,True,0.4166666666666667,0.5185185185185185,True
CKSTRKFGFVLFTKTIPK,18,-0.0888888888888889,4.996817265668072,0.4572947132012278,True,False,True,0.4827586206896552,0.5333333333333333,True
KKKCTTTFRGMICF,14,-0.1214285714285711,3.997610963446241,0.8339069469603662,True,True,True,0.3243243243243243,0.45161290322580644,True
GGKMSISWKLVALRMRKC,18,0.0222222222222221,4.997603020226989,0.4229005657251528,True,False,True,0.375,0.42424242424242425,True
CRVKTFIFVSFMRR,14,0.4857142857142856,3.999182472564075,0.4829683806614197,True,False,True,0.4615384615384615,0.46153846153846156,True
KKHVFGCDVICKK,13,-0.1538461538461538,3.0354278405672077,0.7914682280911092,True,True,True,0.4166666666666667,0.5833333333333334,True
RCIKFKSIPKGCFG,14,0.0142857142857142,3.997610963446241,0.4402170445540911,True,True,True,0.4375,0.5789473684210527,True
LKAKLTLLGKPH,12,-0.05,3.035905410547747,0.6187359229138515,True,True,True,0.5185185185185185,0.56,True
KMFTMFKFSAGIRKG,15,-6.661338147750939e-17,3.997610963446241,0.5304198487162259,True,True,True,0.3846153846153846,0.5517241379310345,True
MMKDRNRALFLKHVLRV,17,-0.1941176470588235,4.03699140646579,0.475154999368657,True,True,True,0.4285714285714285,0.5185185185185185,True
VVERYRHKLIRRVIVT,16,-0.0624999999999999,4.038254731005247,0.9502839658156684,True,True,True,0.3571428571428571,0.45161290322580644,True
RMAFIHLTRKWMYC,14,0.0142857142857142,3.0374769196655813,0.6551989231642832,True,False,True,0.4,0.4,True
KRAQVRPKKLMILLQI,16,-0.0625,4.997603020226989,0.5371041578553922,True,True,True,0.4444444444444444,0.4444444444444444,True
RFLIRNRLEIRL,12,-0.15,3.0007619249011612,0.3730290692934567,True,True,True,0.4166666666666667,0.56,True
ARKLWVNGLKALTMRI,16,0.20625,3.9983967180051576,0.8592838054404203,True,True,True,0.4285714285714285,0.4827586206896552,True
LWVRYIKAVLKRPGMG,16,0.1749999999999999,3.9983967180051576,0.8330337293655499,True,True,True,0.3809523809523809,0.4444444444444444,True
FRKEAKIRVVQV,12,-0.1749999999999999,2.999190415783327,0.5142899977565973,False,True,True,0.4166666666666667,0.5,True
LVREKLGLARATK,13,-0.1692307692307692,2.999190415783327,0.8190956213499903,False,True,True,0.48,0.5714285714285714,True
RRIIRVRVAPYQFICNAR,18,-0.0888888888888888,4.99996028390374,0.8091716067250163,True,False,True,0.5333333333333333,0.5333333333333333,True
KVFIVWWARRLSWRVH,16,0.0875,4.03746897644633,0.9023636740889306,True,True,True,0.375,0.4444444444444444,True
RYGFRAMFICKK,12,-0.1833333333333334,3.9983967180051576,0.978660955216534,True,False,True,0.4347826086956521,0.5,True
KKAHALIKKAAIGE,14,-0.1928571428571428,3.035905410547747,0.6747596290233995,True,True,True,0.48,0.5185185185185185,True
AMIASGAVRKKTVATIRK,18,0.1777777777777778,4.997603020226989,0.3711625959989779,True,True,True,0.4666666666666667,0.4666666666666667,True
ACLRVDYCIRFRISRGN,17,-0.0529411764705881,3.0002843549206215,0.725732884499194,True,True,True,0.3448275862068966,0.45714285714285713,True
VSRWVKYKISAKVV,14,0.2214285714285715,3.997610963446241,0.5502964432583275,True,True,True,0.375,0.48,True
LFRVKFYAREIR,12,-0.1916666666666667,2.999976170342244,0.9728650468168196,False,True,True,0.4166666666666667,0.4827586206896552,True
